"metric","stage","sites","range","tau5","tau","tau95","p","dispersion","area","speciesN"
"chull","Lopingian",7,8.39560384206872,0.24243442895862,0.392663815348971,0.563643854281391,3.04433951824422e-07,919.715755415681,6818.48979849024,123
"chull","Lopingian",20,9.03293769682707,0.272472461040553,0.303993904897445,0.408531864741005,4.52620771789992e-06,919.715755415681,6818.48979849024,123
"chull","Lopingian",55,10.3756954266029,0.297180335214375,0.31335565264509,0.317736566449183,1.78524327863805e-06,919.715755415681,6818.48979849024,123
"chull","Lopingian",148,10.3874812336009,0.31335565264509,0.31335565264509,0.31335565264509,1.78524327863805e-06,919.715755415681,6818.48979849024,123
"chull","Lopingian",403,10.3874812336009,0.31335565264509,0.31335565264509,0.31335565264509,1.78524327863805e-06,919.715755415681,6818.48979849024,123
"chull","Lopingian",1097,10.3874812336009,0.31335565264509,0.31335565264509,0.31335565264509,1.78524327863805e-06,919.715755415681,6818.48979849024,123
"chull","Guadalupian",7,8.68644992460829,0.317860919595447,0.393890465075849,0.469035383077852,1.31992425861572e-07,3410.7672108729,51482.7589583706,170
"chull","Guadalupian",20,10.343364427698,0.362721090262296,0.424717360359402,0.478836541363089,1.39185816701829e-12,3410.7672108729,51482.7589583706,170
"chull","Guadalupian",55,11.1117631860975,0.421453166770454,0.45599103048574,0.487040773302711,2.18078758740584e-16,3410.7672108729,51482.7589583706,170
"chull","Guadalupian",148,11.5793576334418,0.447738799501782,0.464435273030908,0.477655481376282,5.31597184510289e-18,3410.7672108729,51482.7589583706,170
"chull","Guadalupian",403,11.9156907735792,0.462876323540201,0.465531775391879,0.468185836576839,3.45886509527796e-18,3410.7672108729,51482.7589583706,170
"chull","Guadalupian",1097,11.9338940873528,0.465531775391879,0.465531775391879,0.465531775391879,3.45886509527796e-18,3410.7672108729,51482.7589583706,170
"chull","Meramecian",7,10.3674478979252,0.36762472065152,0.469593145680172,0.547872698785996,3.20555843965342e-06,4673.4046674481,44242.0861145043,85
"chull","Meramecian",20,11.037500086131,0.446067488610052,0.489449737823098,0.547641788664439,1.73917928037085e-08,4673.4046674481,44242.0861145043,85
"chull","Meramecian",55,11.6481491899308,0.450062303255206,0.475755138089668,0.500263592837138,3.98689385230642e-09,4673.4046674481,44242.0861145043,85
"chull","Meramecian",148,12.2344073989864,0.459219573814362,0.465156552635316,0.480618077711176,4.40689104010228e-09,4673.4046674481,44242.0861145043,85
"chull","Meramecian",403,12.3551798663407,0.462678000491392,0.464528330776596,0.46621704039032,4.52576158508146e-09,4673.4046674481,44242.0861145043,85
"chull","Meramecian",1097,12.3558822984465,0.464528330776596,0.464528330776596,0.464528330776596,4.52576158508146e-09,4673.4046674481,44242.0861145043,85
"chull","Leonardian",7,8.48230174745025,0.311737799554903,0.402383207650352,0.485973999039941,6.72864662865342e-08,4716.57206709196,88599.6916446008,171
"chull","Leonardian",20,10.1537552987859,0.375714314570703,0.424976276812878,0.481030776589939,1.95191736526167e-12,4716.57206709196,88599.6916446008,171
"chull","Leonardian",55,10.8882567281396,0.392395757803748,0.445692863979757,0.485772002256073,2.66720731512206e-16,4716.57206709196,88599.6916446008,171
"chull","Leonardian",148,11.5324023369922,0.435081692623575,0.470301067936445,0.484749220283761,2.78118248222049e-19,4716.57206709196,88599.6916446008,171
"chull","Leonardian",403,11.9749301517554,0.471505055675791,0.478057298370105,0.480790205853845,3.70877374490689e-20,4716.57206709196,88599.6916446008,171
"chull","Leonardian",1097,11.9973524770398,0.478388049363923,0.478388049363923,0.478388049363923,3.52517810746868e-20,4716.57206709196,88599.6916446008,171
"chull","Chesterian",7,10.0435695352258,0.36282760414904,0.465801905194787,0.567521886131952,3.01325014916418e-07,5082.14955220225,49170.1693231065,151
"chull","Chesterian",20,11.2432548763417,0.375051078882846,0.439851828024104,0.525156819051443,8.13974633917277e-09,5082.14955220225,49170.1693231065,151
"chull","Chesterian",55,11.7768164761612,0.394588809104036,0.452682520010698,0.520472842602876,6.03924562887755e-13,5082.14955220225,49170.1693231065,151
"chull","Chesterian",148,10.647733452764,0.431168443757815,0.452393131327275,0.5069871995281,1.73746271071967e-14,5082.14955220225,49170.1693231065,151
"chull","Chesterian",403,11.197274335883,0.441671923332561,0.456145352671146,0.459820131015302,6.26154365673668e-15,5082.14955220225,49170.1693231065,151
"chull","Chesterian",1097,11.2039750241596,0.456273395426684,0.456273395426684,0.456273395426684,6.17391990215059e-15,5082.14955220225,49170.1693231065,151
"chull","Kinderhookian",7,10.6518511928784,0.363589964804847,0.484099413056319,0.62172683103576,9.57058889212079e-07,5362.40446676549,70905.9092518669,144
"chull","Kinderhookian",20,11.4340767447422,0.466013768257398,0.54852505075427,0.628293545814467,5.90170130977269e-12,5362.40446676549,70905.9092518669,144
"chull","Kinderhookian",55,10.6020582236679,0.463793542829046,0.526470981173112,0.610248322036349,9.83824506032244e-14,5362.40446676549,70905.9092518669,144
"chull","Kinderhookian",148,10.8178508207996,0.461074283472141,0.485243048706199,0.550193083380843,2.60344353791163e-15,5362.40446676549,70905.9092518669,144
"chull","Kinderhookian",403,11.5768436124807,0.480051366498872,0.49259043524318,0.496699192213092,2.28040427855083e-16,5362.40446676549,70905.9092518669,144
"chull","Kinderhookian",1097,11.6121718403433,0.492678998341662,0.492678998341662,0.492678998341662,2.27979810998006e-16,5362.40446676549,70905.9092518669,144
"chull","Wolfcampian",7,8.21717136101583,0.366742894409153,0.494139695246338,0.598160454817806,1.07935636053266e-12,5640.07726505589,51463.6934721114,237
"chull","Wolfcampian",20,10.5633734347103,0.456790498351248,0.594348782211662,0.638047824729371,1.50837384596328e-27,5640.07726505589,51463.6934721114,237
"chull","Wolfcampian",55,11.3425587286181,0.59495650823719,0.62475057287986,0.646802832213857,1.20742943911819e-36,5640.07726505589,51463.6934721114,237
"chull","Wolfcampian",148,11.8611679293888,0.619538247723961,0.634922726382862,0.65111926369317,8.1148925884598e-41,5640.07726505589,51463.6934721114,237
"chull","Wolfcampian",403,12.2234548928525,0.636933955791981,0.640913939392469,0.643672134786239,3.08874473063625e-42,5640.07726505589,51463.6934721114,237
"chull","Wolfcampian",1097,12.2815863349045,0.640850618965468,0.640850618965468,0.640850618965468,3.1246515610108e-42,5640.07726505589,51463.6934721114,237
"chull","Osagean",7,9.31584229590185,0.416852758155068,0.558885173001545,0.635363166683413,1.12292108566048e-11,5985.73607934559,50409.543630228,166
"chull","Osagean",20,10.4156637852038,0.47413007139501,0.51432397354458,0.552395645493821,2.49487548120241e-16,5985.73607934559,50409.543630228,166
"chull","Osagean",55,11.2304038048851,0.504062432724038,0.528124533597955,0.555381319452951,8.86899865624752e-21,5985.73607934559,50409.543630228,166
"chull","Osagean",148,11.6994576178695,0.517534116440326,0.536388255921545,0.551169908487718,3.26292658838486e-23,5985.73607934559,50409.543630228,166
"chull","Osagean",403,12.0771309432469,0.536184418085304,0.54201515659656,0.544226981233501,4.47622287019304e-24,5985.73607934559,50409.543630228,166
"chull","Osagean",1097,12.1202190584433,0.542199919308129,0.542199919308129,0.542199919308129,4.22677474840218e-24,5985.73607934559,50409.543630228,166
"chull","Virgilian",7,8.53032324973557,0.46318390825534,0.552523587639545,0.623136250397733,2.10489298171855e-12,6201.5547605201,112514.851625785,216
"chull","Virgilian",20,10.0144754344274,0.522282439488436,0.586693652739824,0.635398765429805,9.79337367073574e-25,6201.5547605201,112514.851625785,216
"chull","Virgilian",55,11.0369899531003,0.578051908844239,0.629409823458775,0.661877417707728,3.78745872354196e-35,6201.5547605201,112514.851625785,216
"chull","Virgilian",148,11.6947877867802,0.631404257660603,0.646838421427053,0.664547527891874,1.73154905287256e-41,6201.5547605201,112514.851625785,216
"chull","Virgilian",403,12.2029928106459,0.653071572614743,0.660890129411221,0.664316301595447,4.18509937503505e-44,6201.5547605201,112514.851625785,216
"chull","Virgilian",1097,12.316251167542,0.662567755637396,0.662602381959054,0.662734142316188,2.40342204754885e-44,6201.5547605201,112514.851625785,216
"chull","Morrowan",7,9.80658531101306,0.417744711369025,0.502066866672236,0.586953432491865,1.79086319503795e-08,6853.98707473175,94673.2986955261,183
"chull","Morrowan",20,10.8258084058953,0.425776466314305,0.500674007649281,0.57371992443582,9.96628001710513e-13,6853.98707473175,94673.2986955261,183
"chull","Morrowan",55,10.7547598871216,0.456120196751935,0.515873395716482,0.563877220634713,1.50773176076814e-16,6853.98707473175,94673.2986955261,183
"chull","Morrowan",148,11.0620597593896,0.497068512532976,0.5306074239205,0.571682663327857,9.54021952027344e-23,6853.98707473175,94673.2986955261,183
"chull","Morrowan",403,11.7761406554995,0.528242185925964,0.568613949757766,0.574195712797351,5.48635946082536e-27,6853.98707473175,94673.2986955261,183
"chull","Morrowan",1097,11.9273480227007,0.570701997625338,0.570853035563062,0.571250682542021,2.66288989046272e-27,6853.98707473175,94673.2986955261,183
"chull","Missourian",7,9.19639676986468,0.466137781055349,0.554101879045759,0.628758726439025,3.19749535085282e-11,6958.23333869135,148350.056294045,202
"chull","Missourian",20,9.67033949530813,0.496061027211004,0.557802176950901,0.615452042093879,2.88563860830955e-20,6958.23333869135,148350.056294045,202
"chull","Missourian",55,11.0292583941027,0.540494894282854,0.592135645357283,0.628051388841241,1.27203920563444e-29,6958.23333869135,148350.056294045,202
"chull","Missourian",148,11.7386991350935,0.595495646216914,0.618566221701385,0.635897600824701,5.39930678195277e-35,6958.23333869135,148350.056294045,202
"chull","Missourian",403,12.1640935771704,0.620235319264615,0.631576999428423,0.636464908852822,1.26673116824206e-37,6958.23333869135,148350.056294045,202
"chull","Missourian",1097,12.3135367330083,0.630240846413669,0.631816253430354,0.632396163333962,1.04794856690209e-37,6958.23333869135,148350.056294045,202
"chull","Desmoinesian",7,9.58504432967012,0.441302693466991,0.546568842311173,0.630225451881478,1.35662306938669e-10,8223.55019875379,204216.725025965,204
"chull","Desmoinesian",20,9.88015071373509,0.493119024777659,0.548935492431151,0.605360885968642,1.25608977996058e-18,8223.55019875379,204216.725025965,204
"chull","Desmoinesian",55,10.9928395976811,0.523569849009015,0.571341243451324,0.60695544398494,3.94638579437373e-27,8223.55019875379,204216.725025965,204
"chull","Desmoinesian",148,11.7617721390688,0.564131622553871,0.591120183205534,0.610670362985687,5.94160587305363e-32,8223.55019875379,204216.725025965,204
"chull","Desmoinesian",403,12.1278522946122,0.586852724312723,0.600327909913699,0.607620196198395,5.77855398861836e-34,8223.55019875379,204216.725025965,204
"chull","Desmoinesian",1097,12.3668492954033,0.601676465716527,0.60295422943387,0.603986100985935,2.40999420908804e-34,8223.55019875379,204216.725025965,204
"chull","Atokan",7,9.61167505671017,0.437936451575313,0.544627386927835,0.632410104600599,4.82738367552871e-10,8561.33380655695,114346.681376788,194
"chull","Atokan",20,10.0064249010822,0.466718159654715,0.53859664622468,0.599036782119937,6.10308949741164e-16,8561.33380655695,114346.681376788,194
"chull","Atokan",55,10.9468419597705,0.511942511528902,0.562117592141247,0.599698320127601,3.09547590418555e-24,8561.33380655695,114346.681376788,194
"chull","Atokan",148,11.4126819624923,0.554958707757561,0.586018368891377,0.608405392315602,1.10334197439105e-30,8561.33380655695,114346.681376788,194
"chull","Atokan",403,11.8003815984632,0.583355624631608,0.592233617416243,0.601299861298801,6.44418546867412e-33,8561.33380655695,114346.681376788,194
"chull","Atokan",1097,12.0381053113655,0.590970230116053,0.592637659852285,0.593711541680325,5.25676910089761e-33,8561.33380655695,114346.681376788,194
"gcd","Lopingian",7,5.88108069159527,0.159405672690231,0.327812467338266,0.494339789757899,1.33553154767084e-05,919.715755415681,6818.48979849024,123
"gcd","Lopingian",20,5.90747481151878,0.243141283238651,0.271013346324523,0.358981896258143,3.5812710037621e-05,919.715755415681,6818.48979849024,123
"gcd","Lopingian",55,5.91774437667681,0.249388314900167,0.258375526749754,0.28444438421232,6.71091620704815e-05,919.715755415681,6818.48979849024,123
"gcd","Lopingian",148,5.91774437667681,0.258375526749754,0.258375526749754,0.258375526749754,6.71091620704815e-05,919.715755415681,6818.48979849024,123
"gcd","Lopingian",403,5.91774437667681,0.258375526749754,0.258375526749754,0.258375526749754,6.71091620704815e-05,919.715755415681,6818.48979849024,123
"gcd","Lopingian",1097,5.91774437667681,0.258375526749754,0.258375526749754,0.258375526749754,6.71091620704815e-05,919.715755415681,6818.48979849024,123
"gcd","Guadalupian",7,6.37457316616061,0.253024490351635,0.348315799859327,0.418698450666602,2.19368543440005e-06,3410.7672108729,51482.7589583706,170
"gcd","Guadalupian",20,6.45845016633215,0.323566159972236,0.374680952188564,0.427712895731522,6.86139157084592e-10,3410.7672108729,51482.7589583706,170
"gcd","Guadalupian",55,6.52344146289042,0.357697769179444,0.392527206777952,0.431847810664287,2.74013491820517e-12,3410.7672108729,51482.7589583706,170
"gcd","Guadalupian",148,6.547951702139,0.379325906144168,0.404565568364675,0.423423569157226,6.12967074541469e-14,3410.7672108729,51482.7589583706,170
"gcd","Guadalupian",403,6.55611414481965,0.400761417553655,0.40552635346268,0.41081619859321,2.48898733194474e-14,3410.7672108729,51482.7589583706,170
"gcd","Guadalupian",1097,6.55718253422912,0.40552635346268,0.40552635346268,0.40552635346268,2.48898733194474e-14,3410.7672108729,51482.7589583706,170
"gcd","Meramecian",7,6.43812463823532,0.260106751073455,0.408009801031529,0.513894103759103,5.7428167408597e-05,4673.4046674481,44242.0861145043,85
"gcd","Meramecian",20,6.49184315148948,0.335519727496211,0.414100437488929,0.481683540951615,2.57569087503496e-06,4673.4046674481,44242.0861145043,85
"gcd","Meramecian",55,6.54247805179672,0.385720554540474,0.419483826413822,0.452969649741392,3.91754260373104e-07,4673.4046674481,44242.0861145043,85
"gcd","Meramecian",148,6.56137716107492,0.405783029047833,0.445037962179713,0.46724052055648,2.3309021303286e-08,4673.4046674481,44242.0861145043,85
"gcd","Meramecian",403,6.54387633410218,0.446635892651963,0.465985017591084,0.466624584671916,2.97209911691898e-09,4673.4046674481,44242.0861145043,85
"gcd","Meramecian",1097,6.54387633410218,0.465985017591084,0.465985017591084,0.465985017591084,2.97209911691898e-09,4673.4046674481,44242.0861145043,85
"gcd","Leonardian",7,6.19278519695028,0.223872220488434,0.311315844898174,0.456034506655149,2.58920144384978e-05,4716.57206709196,88599.6916446008,171
"gcd","Leonardian",20,6.37710140394105,0.303869866273701,0.370325634438592,0.471145705892299,8.12477279371038e-10,4716.57206709196,88599.6916446008,171
"gcd","Leonardian",55,6.52320547549855,0.353477395769332,0.420749618260676,0.463905290268155,1.38340567851158e-14,4716.57206709196,88599.6916446008,171
"gcd","Leonardian",148,6.61431000946348,0.41328869075504,0.442494426732652,0.463432675065093,4.1854130697697e-17,4716.57206709196,88599.6916446008,171
"gcd","Leonardian",403,6.63901667719684,0.442714461371686,0.45045845778995,0.452893650540352,3.42114491475342e-18,4716.57206709196,88599.6916446008,171
"gcd","Leonardian",1097,6.64132456380975,0.450729634148208,0.450729634148208,0.450729634148208,3.23036367591454e-18,4716.57206709196,88599.6916446008,171
"gcd","Chesterian",7,6.75993677372284,0.287101442716034,0.40095383704638,0.539758796759551,1.17298504496662e-05,5082.14955220225,49170.1693231065,151
"gcd","Chesterian",20,6.86538620289838,0.301797929104927,0.37689306516697,0.486184741363589,7.84944059015725e-07,5082.14955220225,49170.1693231065,151
"gcd","Chesterian",55,6.79431001309672,0.297808762256511,0.346249720675101,0.460620919586776,3.14393211844342e-08,5082.14955220225,49170.1693231065,151
"gcd","Chesterian",148,6.08590735922825,0.304327338414689,0.340865204218403,0.417072987031022,4.84477534871105e-09,5082.14955220225,49170.1693231065,151
"gcd","Chesterian",403,6.06378318651603,0.327816088537538,0.36491615565942,0.366211217543842,1.10372688465559e-10,5082.14955220225,49170.1693231065,151
"gcd","Chesterian",1097,6.06414006650337,0.36491615565942,0.36491615565942,0.36491615565942,1.10372688465559e-10,5082.14955220225,49170.1693231065,151
"gcd","Kinderhookian",7,6.70907696115511,0.213524495419923,0.406771053853356,0.569270922527431,6.34994452228999e-05,5362.40446676549,70905.9092518669,144
"gcd","Kinderhookian",20,6.91780033961216,0.343100528622154,0.503053500987468,0.59564781748669,2.45298291771659e-09,5362.40446676549,70905.9092518669,144
"gcd","Kinderhookian",55,6.87178079717121,0.321373712981702,0.483812893018106,0.578349893141849,2.54287694789008e-11,5362.40446676549,70905.9092518669,144
"gcd","Kinderhookian",148,6.64186772682256,0.332442741458012,0.373592769880654,0.52411350063841,7.19926549639475e-10,5362.40446676549,70905.9092518669,144
"gcd","Kinderhookian",403,6.65030544447931,0.349064145627231,0.364487490089828,0.380751222691277,5.76672136624581e-10,5362.40446676549,70905.9092518669,144
"gcd","Kinderhookian",1097,6.65151579972594,0.364487490089828,0.364487490089828,0.364487490089828,5.76672136624581e-10,5362.40446676549,70905.9092518669,144
"gcd","Wolfcampian",7,6.64507752531087,0.323183716542375,0.445675944204344,0.5661063954292,1.33253456036383e-10,5640.07726505589,51463.6934721114,237
"gcd","Wolfcampian",20,6.69658568437354,0.443654038107148,0.547340569750056,0.605546604122383,3.83657573057587e-24,5640.07726505589,51463.6934721114,237
"gcd","Wolfcampian",55,6.72822448723398,0.545856933089528,0.578575207526305,0.61359815328241,1.06875626886119e-31,5640.07726505589,51463.6934721114,237
"gcd","Wolfcampian",148,6.70366412367173,0.570443942011478,0.590366254868047,0.608165034182038,3.7178051716265e-36,5640.07726505589,51463.6934721114,237
"gcd","Wolfcampian",403,6.67045151840067,0.590618055744586,0.59648820674874,0.60649768718466,1.38562202824628e-38,5640.07726505589,51463.6934721114,237
"gcd","Wolfcampian",1097,6.67113018262411,0.596354468024556,0.596354468024556,0.596354468024556,1.29275004551373e-38,5640.07726505589,51463.6934721114,237
"gcd","Osagean",7,6.68705756569666,0.338497735059737,0.472878023196419,0.623432082004669,3.39568879990127e-09,5985.73607934559,50409.543630228,166
"gcd","Osagean",20,6.64780622500376,0.367099619085713,0.431645648039848,0.488658913508679,5.6663521219962e-12,5985.73607934559,50409.543630228,166
"gcd","Osagean",55,6.68688575314768,0.397756717876235,0.439792103181411,0.483591172567702,1.21796413759828e-14,5985.73607934559,50409.543630228,166
"gcd","Osagean",148,6.7111583578222,0.414072302807996,0.435596396553937,0.455868988884564,1.3394781684417e-15,5985.73607934559,50409.543630228,166
"gcd","Osagean",403,6.74886933723407,0.433898416545156,0.438323634909101,0.447772722173716,4.15966424398313e-16,5985.73607934559,50409.543630228,166
"gcd","Osagean",1097,6.75305159722333,0.438323634909101,0.438323634909101,0.438323634909101,4.15966424398313e-16,5985.73607934559,50409.543630228,166
"gcd","Virgilian",7,6.80265105639114,0.342546655199987,0.447356847659324,0.562101529320819,7.53570870983636e-09,6201.5547605201,112514.851625785,216
"gcd","Virgilian",20,6.6574410138482,0.408634485702325,0.491613022011154,0.556309929665615,1.13520333120488e-17,6201.5547605201,112514.851625785,216
"gcd","Virgilian",55,6.72447086396337,0.468748288020845,0.531037038457383,0.566907697209625,1.14928801096901e-25,6201.5547605201,112514.851625785,216
"gcd","Virgilian",148,6.72615367455461,0.537133274838784,0.561491171593896,0.586205073719119,3.65972977682436e-32,6201.5547605201,112514.851625785,216
"gcd","Virgilian",403,6.74855629761217,0.56634599206368,0.580770255051196,0.591341738190218,8.60492953572873e-36,6201.5547605201,112514.851625785,216
"gcd","Virgilian",1097,6.75297849526351,0.583644170006766,0.58364574614462,0.58364574614462,2.67052547198028e-36,6201.5547605201,112514.851625785,216
"gcd","Morrowan",7,6.85998357206385,0.314339817602013,0.427733140453316,0.568035136129415,1.37258355231911e-06,6853.98707473175,94673.2986955261,183
"gcd","Morrowan",20,6.91257273816564,0.337218833404243,0.44238761756416,0.573310346775255,6.59000918454712e-10,6853.98707473175,94673.2986955261,183
"gcd","Morrowan",55,6.79121693613244,0.396087196841209,0.494326002982058,0.557650936901809,3.06281238847791e-16,6853.98707473175,94673.2986955261,183
"gcd","Morrowan",148,6.67688342686176,0.460108727847632,0.498779582014785,0.529077436569518,1.08456585356226e-19,6853.98707473175,94673.2986955261,183
"gcd","Morrowan",403,6.64606082650104,0.470970612265615,0.508764919557229,0.522369709242157,1.35552237584711e-22,6853.98707473175,94673.2986955261,183
"gcd","Morrowan",1097,6.64960494261873,0.508387906437344,0.508387906437344,0.509070322255833,1.15195301044166e-22,6853.98707473175,94673.2986955261,183
"gcd","Missourian",7,6.81403968979413,0.336777710705588,0.461669458020799,0.574516037088952,1.1321174047544e-08,6958.23333869135,148350.056294045,202
"gcd","Missourian",20,6.66036464778408,0.385257514834624,0.46231052542829,0.538281085965843,2.25612930531604e-14,6958.23333869135,148350.056294045,202
"gcd","Missourian",55,6.71026865251732,0.429285631119343,0.484553740176254,0.523180357332827,1.99557444196558e-20,6958.23333869135,148350.056294045,202
"gcd","Missourian",148,6.75045274479916,0.479457842671625,0.507735672576749,0.533163291093986,2.94414824887974e-24,6958.23333869135,148350.056294045,202
"gcd","Missourian",403,6.74974721644053,0.507035956732284,0.520503254078624,0.531919741250252,5.46456563140286e-27,6958.23333869135,148350.056294045,202
"gcd","Missourian",1097,6.74310585736396,0.520687075078503,0.52100277160247,0.521933822812504,3.21689163315747e-27,6958.23333869135,148350.056294045,202
"gcd","Desmoinesian",7,6.76848334664234,0.355239303615533,0.459348740147546,0.571668534774089,6.87922166931357e-08,8223.55019875379,204216.725025965,204
"gcd","Desmoinesian",20,6.65236720967714,0.368620932118223,0.444691954995607,0.556617025314343,5.24454397203254e-13,8223.55019875379,204216.725025965,204
"gcd","Desmoinesian",55,6.66761209335595,0.414517589505787,0.461120613371448,0.508000568579304,7.13562944455061e-18,8223.55019875379,204216.725025965,204
"gcd","Desmoinesian",148,6.70994855545484,0.459102401829765,0.484850707624846,0.513652732850581,4.83624386201908e-22,8223.55019875379,204216.725025965,204
"gcd","Desmoinesian",403,6.69277673834509,0.486724172779304,0.504372768116125,0.518911753792606,3.01158943819089e-25,8223.55019875379,204216.725025965,204
"gcd","Desmoinesian",1097,6.67682201016106,0.507253272345184,0.51389287262158,0.515319992845944,1.13100797182169e-26,8223.55019875379,204216.725025965,204
"gcd","Atokan",7,6.885422659029,0.322938853358061,0.451607091950078,0.589231367403374,9.46060390344125e-08,8561.33380655695,114346.681376788,194
"gcd","Atokan",20,6.86119915937612,0.362987179928038,0.467379472994138,0.562448679377801,9.2877771934652e-13,8561.33380655695,114346.681376788,194
"gcd","Atokan",55,6.77873239569882,0.417627800923567,0.483063497203245,0.548240963147013,1.52702106173358e-18,8561.33380655695,114346.681376788,194
"gcd","Atokan",148,6.72913276821701,0.471470625502717,0.50591415068208,0.539040522764622,5.79676785829357e-23,8561.33380655695,114346.681376788,194
"gcd","Atokan",403,6.71719802768996,0.493762847715359,0.506373472844688,0.521742851597498,1.72123994747122e-24,8561.33380655695,114346.681376788,194
"gcd","Atokan",1097,6.72699404687958,0.505293568266126,0.505521640289717,0.50675247970176,1.86899102152611e-24,8561.33380655695,114346.681376788,194
"gcell","Lopingian",7,1.83794079701354,0.230099623124757,0.293134203118764,0.432098353535521,3.2506782495943e-05,919.715755415681,6818.48979849024,123
"gcell","Lopingian",20,2.45269638879471,0.237192137133776,0.265069451512572,0.322460543129854,3.92288099768899e-05,919.715755415681,6818.48979849024,123
"gcell","Lopingian",55,2.90193460869448,0.256224047974812,0.270023313375307,0.280541718641609,1.89533325174889e-05,919.715755415681,6818.48979849024,123
"gcell","Lopingian",148,2.96741357007605,0.270023313375307,0.270023313375307,0.270023313375307,1.89533325174889e-05,919.715755415681,6818.48979849024,123
"gcell","Lopingian",403,2.96741357007605,0.270023313375307,0.270023313375307,0.270023313375307,1.89533325174889e-05,919.715755415681,6818.48979849024,123
"gcell","Lopingian",1097,2.96741357007605,0.270023313375307,0.270023313375307,0.270023313375307,1.89533325174889e-05,919.715755415681,6818.48979849024,123
"gcell","Guadalupian",7,1.73071620209359,0.361544731453553,0.459582368572636,0.537922819178941,1.35636382810254e-12,3410.7672108729,51482.7589583706,170
"gcell","Guadalupian",20,2.5689221150578,0.412839642027613,0.500635247031988,0.548762226634736,1.7252065134511e-18,3410.7672108729,51482.7589583706,170
"gcell","Guadalupian",55,3.76181510073739,0.469745661524897,0.509241262554974,0.533885450864111,2.7367560824325e-21,3410.7672108729,51482.7589583706,170
"gcell","Guadalupian",148,5.1081307837624,0.485989362873219,0.507962503970042,0.520638594920937,4.33841455743364e-22,3410.7672108729,51482.7589583706,170
"gcell","Guadalupian",403,5.98664548647659,0.501062688842731,0.506518745652439,0.512086659727461,3.19122221184932e-22,3410.7672108729,51482.7589583706,170
"gcell","Guadalupian",1097,6.09829911419422,0.506111958196851,0.506111958196851,0.506111958196851,3.4491239068273e-22,3410.7672108729,51482.7589583706,170
"gcell","Meramecian",7,2.0699130377317,0.480653148920813,0.561065789375467,0.623710159833342,6.80371332084293e-10,4673.4046674481,44242.0861145043,85
"gcell","Meramecian",20,3.09522976787985,0.507666733274895,0.564485308185812,0.615347051628213,6.76849476692558e-12,4673.4046674481,44242.0861145043,85
"gcell","Meramecian",55,4.47567549297372,0.507310788593497,0.553887208516429,0.594418882479103,1.24520875128474e-12,4673.4046674481,44242.0861145043,85
"gcell","Meramecian",148,5.84557689618122,0.507235315462,0.527404280412373,0.565182535340181,4.2289398496958e-12,4673.4046674481,44242.0861145043,85
"gcell","Meramecian",403,6.50292325990053,0.5120769484502,0.514641395439094,0.518607833371842,9.34603244651207e-12,4673.4046674481,44242.0861145043,85
"gcell","Meramecian",1097,6.5385140463528,0.514284805645156,0.514284805645156,0.514284805645156,9.59405743497213e-12,4673.4046674481,44242.0861145043,85
"gcell","Leonardian",7,1.74513664659333,0.362003692706953,0.462844597644862,0.534875550039718,8.35465209159662e-13,4716.57206709196,88599.6916446008,171
"gcell","Leonardian",20,2.5402514639493,0.393408419890352,0.463436225777938,0.517279251297529,3.27441312759367e-16,4716.57206709196,88599.6916446008,171
"gcell","Leonardian",55,3.7074910833273,0.419793704679933,0.460329622261903,0.501844025600661,2.6880661171177e-18,4716.57206709196,88599.6916446008,171
"gcell","Leonardian",148,5.08900121713154,0.443273363563297,0.469301077468766,0.4931946335578,4.6947275856652e-20,4716.57206709196,88599.6916446008,171
"gcell","Leonardian",403,6.00536318528301,0.468057810602308,0.476793393342871,0.482151956506772,6.46824371174188e-21,4716.57206709196,88599.6916446008,171
"gcell","Leonardian",1097,6.14141769811116,0.475734755815668,0.475734755815668,0.475734755815668,7.60861529005204e-21,4716.57206709196,88599.6916446008,171
"gcell","Chesterian",7,1.92464022695863,0.390646328774354,0.468256199523409,0.541089628559471,3.47289879280599e-09,5082.14955220225,49170.1693231065,151
"gcell","Chesterian",20,2.80007367016088,0.411832803724792,0.458606507366816,0.512201325242719,7.28378724058532e-12,5082.14955220225,49170.1693231065,151
"gcell","Chesterian",55,3.29745802117195,0.41885200181209,0.467171411157514,0.509552166741173,1.66080650251465e-15,5082.14955220225,49170.1693231065,151
"gcell","Chesterian",148,4.35939229118474,0.437642660825072,0.479777540372406,0.503210894088176,3.39739450452965e-18,5082.14955220225,49170.1693231065,151
"gcell","Chesterian",403,5.04203139127245,0.471233774715969,0.484489616121509,0.488207982537349,6.38059311023526e-19,5082.14955220225,49170.1693231065,151
"gcell","Chesterian",1097,5.13541203627856,0.484473096785032,0.484473096785032,0.484473096785032,6.45493485414053e-19,5082.14955220225,49170.1693231065,151
"gcell","Kinderhookian",7,2.04497086962239,0.506595173708582,0.57412180506013,0.641004008398369,2.04099244186377e-11,5362.40446676549,70905.9092518669,144
"gcell","Kinderhookian",20,2.57204271452568,0.476813900822889,0.53652387643548,0.612540076915117,1.89210247733428e-13,5362.40446676549,70905.9092518669,144
"gcell","Kinderhookian",55,3.4207507343965,0.461609897709177,0.491749005115187,0.54978486123426,3.39415852087102e-15,5362.40446676549,70905.9092518669,144
"gcell","Kinderhookian",148,4.5112880982521,0.461796540962743,0.491091350600191,0.511296079465739,2.11389700651698e-17,5362.40446676549,70905.9092518669,144
"gcell","Kinderhookian",403,5.30874734721325,0.486738926315074,0.500737487162439,0.504485350488682,1.76937903975257e-18,5362.40446676549,70905.9092518669,144
"gcell","Kinderhookian",1097,5.43477657544009,0.50021734492566,0.50021734492566,0.50021734492566,1.88039050832488e-18,5362.40446676549,70905.9092518669,144
"gcell","Wolfcampian",7,1.62245625392273,0.357444761748297,0.520639644282134,0.669367369378106,8.03617020260666e-19,5640.07726505589,51463.6934721114,237
"gcell","Wolfcampian",20,2.37599664036719,0.486517032452726,0.578448432589167,0.660569522362122,1.16244511441902e-29,5640.07726505589,51463.6934721114,237
"gcell","Wolfcampian",55,3.39987097973195,0.543328753434775,0.599724621733388,0.65028621423186,6.44781734990671e-37,5640.07726505589,51463.6934721114,237
"gcell","Wolfcampian",148,4.61253839962772,0.577693061538187,0.607105064259623,0.632418077136468,2.35021154386453e-40,5640.07726505589,51463.6934721114,237
"gcell","Wolfcampian",403,5.43014236339457,0.598645547397433,0.608165861274708,0.615142969316852,1.66897380776985e-41,5640.07726505589,51463.6934721114,237
"gcell","Wolfcampian",1097,5.55527952811499,0.60747542775698,0.60747542775698,0.60747542775698,1.74701597210672e-41,5640.07726505589,51463.6934721114,237
"gcell","Osagean",7,1.67843868079288,0.467178352220386,0.56643080902039,0.634959766383332,1.71128311958139e-16,5985.73607934559,50409.543630228,166
"gcell","Osagean",20,2.45155220714732,0.510197590915833,0.576324143446215,0.611909469809758,4.91737533574157e-23,5985.73607934559,50409.543630228,166
"gcell","Osagean",55,3.61375183121045,0.543475551129706,0.574050742218801,0.594388346320095,7.09531006300398e-26,5985.73607934559,50409.543630228,166
"gcell","Osagean",148,5.01139335264586,0.561368854191141,0.575984333628333,0.588628652213783,3.90138059093832e-27,5985.73607934559,50409.543630228,166
"gcell","Osagean",403,5.98160754829698,0.570340124352422,0.575086877681302,0.579565698295299,2.38837715674126e-27,5985.73607934559,50409.543630228,166
"gcell","Osagean",1097,6.13378102412027,0.573434294903255,0.573434294903255,0.573434294903255,2.75606454156649e-27,5985.73607934559,50409.543630228,166
"gcell","Virgilian",7,1.59403374109608,0.497951946238216,0.588087862290216,0.679948564407561,2.72137777442078e-21,6201.5547605201,112514.851625785,216
"gcell","Virgilian",20,2.28116709501991,0.566117962136306,0.638764641677448,0.701352849834561,7.05721437175454e-34,6201.5547605201,112514.851625785,216
"gcell","Virgilian",55,3.25280648206621,0.612826894760538,0.660044759851981,0.689158052296002,1.55490165399328e-42,6201.5547605201,112514.851625785,216
"gcell","Virgilian",148,4.50384834076066,0.642195151967572,0.664059823953072,0.68330858048074,6.063820174906e-47,6201.5547605201,112514.851625785,216
"gcell","Virgilian",403,5.49821106682581,0.658083154061039,0.666486064873473,0.672756631714683,1.55015281872259e-48,6201.5547605201,112514.851625785,216
"gcell","Virgilian",1097,5.73594487694183,0.666050436169072,0.666299904079135,0.666774398799848,1.05791651354096e-48,6201.5547605201,112514.851625785,216
"gcell","Morrowan",7,1.82115599878625,0.430515395733906,0.507984947816342,0.587983729406653,3.11037986405527e-11,6853.98707473175,94673.2986955261,183
"gcell","Morrowan",20,2.41394344174984,0.428373969659072,0.479683841056658,0.542806956753012,6.15214959452115e-14,6853.98707473175,94673.2986955261,183
"gcell","Morrowan",55,3.31388198824115,0.426257268111187,0.472764364196473,0.534615933067878,5.30980889891309e-18,6853.98707473175,94673.2986955261,183
"gcell","Morrowan",148,4.49800374740338,0.457076608410761,0.507851596325865,0.536579762391251,7.53989520741942e-23,6853.98707473175,94673.2986955261,183
"gcell","Morrowan",403,5.58504289383639,0.494968056535218,0.522282965248059,0.530419273607589,2.30565527431899e-25,6853.98707473175,94673.2986955261,183
"gcell","Morrowan",1097,5.92404309106648,0.523811908505128,0.524048379670359,0.52479871599551,1.07219526395787e-25,6853.98707473175,94673.2986955261,183
"gcell","Missourian",7,1.59482541283269,0.479458641551414,0.565721742001644,0.65833931574801,6.55738786588719e-18,6958.23333869135,148350.056294045,202
"gcell","Missourian",20,2.2773535159141,0.505080092948563,0.588414176486055,0.653425764192627,1.10053915348406e-26,6958.23333869135,148350.056294045,202
"gcell","Missourian",55,3.32542652969926,0.54928087988473,0.609103842288305,0.652452073266415,8.16080139718998e-34,6958.23333869135,148350.056294045,202
"gcell","Missourian",148,4.67524605038267,0.594324168358483,0.624286138754004,0.646694903494764,1.50047819724351e-38,6958.23333869135,148350.056294045,202
"gcell","Missourian",403,5.83914981913168,0.618741046697098,0.63140185347013,0.638603515513043,1.51922482703256e-40,6958.23333869135,148350.056294045,202
"gcell","Missourian",1097,6.21732447992463,0.626683608933022,0.629634169752288,0.630877804645895,1.40980754690288e-40,6958.23333869135,148350.056294045,202
"gcell","Desmoinesian",7,1.61199373634121,0.472539799327774,0.552420674723819,0.646937959733368,1.06423112736268e-16,8223.55019875379,204216.725025965,204
"gcell","Desmoinesian",20,2.30310618456014,0.477070691062703,0.574386610039352,0.648179023315416,9.24676047591366e-25,8223.55019875379,204216.725025965,204
"gcell","Desmoinesian",55,3.33657817708622,0.551851181714074,0.601229889369233,0.653268010167094,1.21401829790598e-32,8223.55019875379,204216.725025965,204
"gcell","Desmoinesian",148,4.79926846441207,0.590646830269118,0.62535485420949,0.647166582024434,2.29204957098588e-38,8223.55019875379,204216.725025965,204
"gcell","Desmoinesian",403,6.25258622889289,0.61132108131099,0.626768573233742,0.639749477147902,6.85440413986552e-40,8223.55019875379,204216.725025965,204
"gcell","Desmoinesian",1097,6.9189068596836,0.62378980144064,0.628632747413383,0.630162873577003,1.6172935290713e-40,8223.55019875379,204216.725025965,204
"gcell","Atokan",7,1.6595219004577,0.458962909885397,0.547383878691291,0.642244113776785,2.86445197750506e-14,8561.33380655695,114346.681376788,194
"gcell","Atokan",20,2.28194495781262,0.470533639695635,0.544116525388515,0.631111624736693,3.22787345634095e-21,8561.33380655695,114346.681376788,194
"gcell","Atokan",55,3.26048545701514,0.484630077047411,0.566275118476014,0.616034764221605,6.12168170905319e-28,8561.33380655695,114346.681376788,194
"gcell","Atokan",148,4.54901573301046,0.548173616054062,0.581216415856413,0.6093264928982,1.11806042490548e-31,8561.33380655695,114346.681376788,194
"gcell","Atokan",403,5.82689594789843,0.564251773193367,0.580201211469589,0.592454491108069,5.64339653854274e-33,8561.33380655695,114346.681376788,194
"gcell","Atokan",1097,6.28915587583433,0.578309427066052,0.581127975584939,0.582878101738619,2.92520021320569e-33,8561.33380655695,114346.681376788,194
"latrange","Lopingian",7,0.945675450264311,0.257196473356949,0.4605468266427,0.513398790902096,2.0910160083704e-11,919.715755415681,6818.48979849024,123
"latrange","Lopingian",20,1.16673650703959,0.439977352651134,0.465416166687089,0.500685679064416,1.13201394258158e-12,919.715755415681,6818.48979849024,123
"latrange","Lopingian",55,1.20784019356111,0.454978003114187,0.465259125425133,0.474992258098253,9.48040407205021e-13,919.715755415681,6818.48979849024,123
"latrange","Lopingian",148,1.20788708570092,0.465259125425133,0.465259125425133,0.465259125425133,9.48040407205021e-13,919.715755415681,6818.48979849024,123
"latrange","Lopingian",403,1.20788708570092,0.465259125425133,0.465259125425133,0.465259125425133,9.48040407205021e-13,919.715755415681,6818.48979849024,123
"latrange","Lopingian",1097,1.20788708570092,0.465259125425133,0.465259125425133,0.465259125425133,9.48040407205021e-13,919.715755415681,6818.48979849024,123
"latrange","Guadalupian",7,1.03322361148267,0.354573669959091,0.499148815003525,0.55453781417952,2.65146850756982e-14,3410.7672108729,51482.7589583706,170
"latrange","Guadalupian",20,1.38964372863523,0.485825974451555,0.5523727308993,0.593520046352541,1.21072030012154e-21,3410.7672108729,51482.7589583706,170
"latrange","Guadalupian",55,1.5836553460412,0.544249450701519,0.575746417040249,0.600845324065474,4.31121574090301e-26,3410.7672108729,51482.7589583706,170
"latrange","Guadalupian",148,1.69526074675119,0.564244609939559,0.576797086660196,0.585857483595499,3.88323025049621e-27,3410.7672108729,51482.7589583706,170
"latrange","Guadalupian",403,1.73956797894078,0.575401791184448,0.579076157801914,0.581269870214827,1.27372423608296e-27,3410.7672108729,51482.7589583706,170
"latrange","Guadalupian",1097,1.74141593760495,0.579076157801914,0.579076157801914,0.579076157801914,1.27372423608296e-27,3410.7672108729,51482.7589583706,170
"latrange","Meramecian",7,1.20100589457278,0.441193109099854,0.516018178865188,0.57763264024364,1.8048580545234e-08,4673.4046674481,44242.0861145043,85
"latrange","Meramecian",20,1.33606118397049,0.493175961317434,0.525492212570913,0.55683204408106,2.69422491020596e-10,4673.4046674481,44242.0861145043,85
"latrange","Meramecian",55,1.43843957066567,0.503033518650923,0.530610468689704,0.552220565885824,2.44851619898677e-11,4673.4046674481,44242.0861145043,85
"latrange","Meramecian",148,1.50134431203466,0.520915232991894,0.538427227246602,0.546792293926483,8.17267021925358e-12,4673.4046674481,44242.0861145043,85
"latrange","Meramecian",403,1.51608391065933,0.537495124460017,0.538776577276987,0.539412664058316,7.52130499856601e-12,4673.4046674481,44242.0861145043,85
"latrange","Meramecian",1097,1.51608391065933,0.538776577276987,0.538776577276987,0.538776577276987,7.52130499856601e-12,4673.4046674481,44242.0861145043,85
"latrange","Leonardian",7,0.882881917136032,0.340976797030509,0.447953970124766,0.552155116690401,1.76881457091082e-11,4716.57206709196,88599.6916446008,171
"latrange","Leonardian",20,1.23287435394294,0.45562654825864,0.507736628830824,0.590868122357119,7.90614900805524e-19,4716.57206709196,88599.6916446008,171
"latrange","Leonardian",55,1.55396611394086,0.49158200607321,0.560906217826753,0.61801354796902,5.47595469857628e-26,4716.57206709196,88599.6916446008,171
"latrange","Leonardian",148,1.76122206613295,0.548008733046859,0.588489663243186,0.632197809517551,1.08933120332567e-29,4716.57206709196,88599.6916446008,171
"latrange","Leonardian",403,1.825219802495,0.58903108305606,0.597905556610344,0.600120777010518,1.06002871962007e-30,4716.57206709196,88599.6916446008,171
"latrange","Leonardian",1097,1.82848576579611,0.597905556610344,0.597905556610344,0.597905556610344,1.02886688882713e-30,4716.57206709196,88599.6916446008,171
"latrange","Chesterian",7,1.02808544367144,0.214273972920309,0.397608410736487,0.500434405375697,1.21981003448951e-06,5082.14955220225,49170.1693231065,151
"latrange","Chesterian",20,1.22459471304237,0.212150854226668,0.327462521271015,0.421234954452154,4.74813391646505e-06,5082.14955220225,49170.1693231065,151
"latrange","Chesterian",55,1.03952317965921,0.208349658626371,0.256885502433961,0.391584332656237,1.15996504149114e-05,5082.14955220225,49170.1693231065,151
"latrange","Chesterian",148,1.06342392250045,0.238992517874871,0.25631604406071,0.261984981433154,9.64075278963099e-06,5082.14955220225,49170.1693231065,151
"latrange","Chesterian",403,1.07780672369014,0.253310123730906,0.256908840139222,0.257859337098054,8.89383230289195e-06,5082.14955220225,49170.1693231065,151
"latrange","Chesterian",1097,1.078243971127,0.256908840139222,0.256908840139222,0.256908840139222,8.89383230289195e-06,5082.14955220225,49170.1693231065,151
"latrange","Kinderhookian",7,1.06201803561018,0.248472009321323,0.450607381998259,0.547342335692749,1.26261244312775e-06,5362.40446676549,70905.9092518669,144
"latrange","Kinderhookian",20,1.16061761251534,0.224256777388034,0.322145983197634,0.516788471692758,2.4242075031119e-06,5362.40446676549,70905.9092518669,144
"latrange","Kinderhookian",55,1.24871306541266,0.204905777308788,0.287396560507963,0.435825523867083,6.41702310339094e-06,5362.40446676549,70905.9092518669,144
"latrange","Kinderhookian",148,1.39690379843007,0.252945375808098,0.29467000308293,0.321976308398278,1.16817647400598e-06,5362.40446676549,70905.9092518669,144
"latrange","Kinderhookian",403,1.5129168145064,0.28506777102459,0.300285529467321,0.307327328298618,4.55818941563612e-07,5362.40446676549,70905.9092518669,144
"latrange","Kinderhookian",1097,1.5132564426864,0.300285529467321,0.300285529467321,0.300285529467321,4.55818941563612e-07,5362.40446676549,70905.9092518669,144
"latrange","Wolfcampian",7,0.95931421549342,0.409275306273863,0.537118000618082,0.611830558819707,8.26536025515442e-20,5640.07726505589,51463.6934721114,237
"latrange","Wolfcampian",20,1.28854005657024,0.565107476118288,0.625971925382087,0.659456103105128,3.52418204579437e-34,5640.07726505589,51463.6934721114,237
"latrange","Wolfcampian",55,1.44859157325758,0.633431644550957,0.656211839137642,0.678742173909843,1.98917506915859e-42,5640.07726505589,51463.6934721114,237
"latrange","Wolfcampian",148,1.53668759178691,0.654296403803057,0.664688889788694,0.675159007989831,4.86068429758426e-46,5640.07726505589,51463.6934721114,237
"latrange","Wolfcampian",403,1.57456669652811,0.664034192555636,0.667825906385609,0.6706283658042,4.62743952266185e-47,5640.07726505589,51463.6934721114,237
"latrange","Wolfcampian",1097,1.57820038344791,0.667825906385609,0.667825906385609,0.667825906385609,4.32320348571538e-47,5640.07726505589,51463.6934721114,237
"latrange","Osagean",7,0.879294130749113,0.270324853436813,0.38305874947524,0.480094775235295,3.66208845260776e-08,5985.73607934559,50409.543630228,166
"latrange","Osagean",20,1.20550379814931,0.352248862899443,0.397552551471854,0.45311477385985,1.15475344501643e-11,5985.73607934559,50409.543630228,166
"latrange","Osagean",55,1.37646969687208,0.379254146464968,0.409274693570545,0.440345108039219,2.09892407692986e-13,5985.73607934559,50409.543630228,166
"latrange","Osagean",148,1.51885235429767,0.390826853001354,0.413958224197603,0.429372273428324,2.53082547748578e-14,5985.73607934559,50409.543630228,166
"latrange","Osagean",403,1.58325846288194,0.401998374734749,0.419563544973931,0.422855446840652,8.01414001201882e-15,5985.73607934559,50409.543630228,166
"latrange","Osagean",1097,1.58710476314567,0.419468973090854,0.419468973090854,0.419468973090854,8.05517869615524e-15,5985.73607934559,50409.543630228,166
"latrange","Virgilian",7,0.853311708087959,0.347321129923802,0.494816872225733,0.598827173705799,1.29786388633379e-13,6201.5547605201,112514.851625785,216
"latrange","Virgilian",20,1.16212773000896,0.459473911620048,0.583259443156982,0.654837141127433,3.11517138170238e-28,6201.5547605201,112514.851625785,216
"latrange","Virgilian",55,1.32931810577837,0.578522240631655,0.636286077029594,0.672046802240319,4.74418721571529e-39,6201.5547605201,112514.851625785,216
"latrange","Virgilian",148,1.47767274647809,0.64598767150458,0.669266383079632,0.680749899009046,6.65736883984603e-46,6201.5547605201,112514.851625785,216
"latrange","Virgilian",403,1.56400396281923,0.668912579816294,0.67817293633857,0.681314261988333,9.47631898170361e-48,6201.5547605201,112514.851625785,216
"latrange","Virgilian",1097,1.57246973995841,0.678894912889061,0.678897861321015,0.678897861321015,6.99557140174154e-48,6201.5547605201,112514.851625785,216
"latrange","Morrowan",7,1.04257476592798,0.27332624671665,0.419918113554307,0.540159642979435,3.98129246509593e-08,6853.98707473175,94673.2986955261,183
"latrange","Morrowan",20,1.2044144154594,0.292228583275484,0.391505769774875,0.52567758070486,6.02516827024078e-09,6853.98707473175,94673.2986955261,183
"latrange","Morrowan",55,1.28901991525325,0.306465751209686,0.470300043413712,0.572855813200123,6.91933119590161e-18,6853.98707473175,94673.2986955261,183
"latrange","Morrowan",148,1.51561902587662,0.377793716504478,0.545309843780709,0.593850613277574,9.27058567398796e-25,6853.98707473175,94673.2986955261,183
"latrange","Morrowan",403,1.57771865386438,0.50755799156684,0.580859746664196,0.588450262165139,1.48744318207592e-28,6853.98707473175,94673.2986955261,183
"latrange","Morrowan",1097,1.58479232101049,0.580862911629046,0.580863263291807,0.58090999241308,1.41603170710371e-28,6853.98707473175,94673.2986955261,183
"latrange","Missourian",7,0.78805095012857,0.289714887932725,0.427038478275584,0.582194122384021,3.70975638543541e-10,6958.23333869135,148350.056294045,202
"latrange","Missourian",20,1.08303417017772,0.336285611841792,0.513696067273363,0.604652208767223,3.25034870357649e-20,6958.23333869135,148350.056294045,202
"latrange","Missourian",55,1.35285273349218,0.482757829960674,0.590629905139271,0.638511491485649,2.77492332220677e-31,6958.23333869135,148350.056294045,202
"latrange","Missourian",148,1.50387552921333,0.592818751690408,0.632625932046601,0.657503435037757,2.04858971825626e-38,6958.23333869135,148350.056294045,202
"latrange","Missourian",403,1.59695670290485,0.627876207761393,0.649727146205397,0.654879231758974,3.71467293609653e-41,6958.23333869135,148350.056294045,202
"latrange","Missourian",1097,1.60710626943796,0.64892046008986,0.649138453438349,0.650142614109373,3.89245701580592e-41,6958.23333869135,148350.056294045,202
"latrange","Desmoinesian",7,0.875590082195172,0.274512185244297,0.400868985198056,0.547540387430821,1.94665037269208e-08,8223.55019875379,204216.725025965,204
"latrange","Desmoinesian",20,1.18374637066829,0.296950487392784,0.478370468690401,0.577533513516361,2.24513401008818e-17,8223.55019875379,204216.725025965,204
"latrange","Desmoinesian",55,1.42576434014833,0.483427775593207,0.567581427771864,0.627142094524973,7.01992919320486e-29,8223.55019875379,204216.725025965,204
"latrange","Desmoinesian",148,1.56554975620639,0.576013773357516,0.616468374427569,0.650926932253132,1.88559933363331e-36,8223.55019875379,204216.725025965,204
"latrange","Desmoinesian",403,1.64742073190337,0.609925347167149,0.64489298758199,0.650995964300084,1.25099858971756e-40,8223.55019875379,204216.725025965,204
"latrange","Desmoinesian",1097,1.66635669425146,0.643840101144383,0.645300330384328,0.646836134688413,7.8266521441212e-41,8223.55019875379,204216.725025965,204
"latrange","Atokan",7,0.989786375902949,0.270743473166504,0.426233504439301,0.542488454776992,5.54527390796339e-09,8561.33380655695,114346.681376788,194
"latrange","Atokan",20,1.22439572369288,0.27687655818671,0.415683547846729,0.57777527149577,1.29710781925948e-11,8561.33380655695,114346.681376788,194
"latrange","Atokan",55,1.48327931830587,0.367986617361591,0.530214369735146,0.609990525118528,5.51350336452397e-24,8561.33380655695,114346.681376788,194
"latrange","Atokan",148,1.64454230566066,0.491592487072407,0.59207501591959,0.611066605052816,4.54813072448266e-32,8561.33380655695,114346.681376788,194
"latrange","Atokan",403,1.71160721793329,0.588546494655062,0.602605638671743,0.609361105631348,1.51901319633216e-33,8561.33380655695,114346.681376788,194
"latrange","Atokan",1097,1.731553704235,0.604988147731747,0.605465763607725,0.605482589333026,6.25427850443478e-34,8561.33380655695,114346.681376788,194
